SET SQL_MODE = "NO_AUTO_VALUE_ON_ZERO";
START TRANSACTION;
SET time_zone = "+00:00";


--
-- Banco de dados: `RH`
--
CREATE DATABASE IF NOT EXISTS `RH` DEFAULT CHARACTER SET utf8mb4 COLLATE utf8mb4_general_ci;
USE `RH`;

-- --------------------------------------------------------

DROP TABLE IF EXISTS EMPREGADO;
DROP TABLE IF EXISTS DEPARTAMENTO;
DROP TABLE IF EXISTS FAIXASALARIAL;


CREATE TABLE `EMPREGADO` (
  `ID_EMPREGADO` int(11) NOT NULL,
  `NM_EMPREGADO` varchar(10) NULL,
  `DS_FUNCEMP` varchar(9) NULL,
  `ID_GERENTE` int(11) NULL,
  `DT_CONTRATACAO` date NULL,
  `VL_SALARIO` float NULL,
  `VL_COMISSAO` float NULL,
  `ID_DEPARTAMENTO` int(11) NULL  
) ENGINE=InnoDB DEFAULT CHARSET=utf8mb4;

INSERT INTO EMPREGADO VALUES
        (7369, 'SMITH',  'ATENDENTE',     7902,
        '1980-12-17',  800, NULL, 20);
INSERT INTO EMPREGADO VALUES
        (7499, 'ALLEN',  'VENDEDOR',  7698,
        '1981-02-20', 1600,  300, 30);
INSERT INTO EMPREGADO VALUES
        (7521, 'WARD',   'VENDEDOR',  7698,
        '1981-02-22', 1250,  500, 30);
INSERT INTO EMPREGADO VALUES
        (7566, 'JONES',  'GERENTE',   7839,
        '1981-04-02', 2975, NULL, 20);
INSERT INTO EMPREGADO VALUES
        (7654, 'MARTIN', 'VENDEDOR',  7698,
        '1981-07-28', 1250, 1400, 30);
INSERT INTO EMPREGADO VALUES
        (7698, 'BLAKE',  'GERENTE',   7839,
        '1981-05-01',  2850, NULL, 30);
INSERT INTO EMPREGADO VALUES
        (7782, 'CLARK',  'GERENTE',   7839,
        '9-JUN-1981',  2450, NULL, 10);
INSERT INTO EMPREGADO VALUES
        (7788, 'SCOTT',  'ANALISTA',   7566,
        '1982-12-09', 3000, NULL, 20);
INSERT INTO EMPREGADO VALUES
        (7839, 'KING',   'PRESIDENTE', NULL,
        '1981-11-17', 5000, NULL, 10);
INSERT INTO EMPREGADO VALUES
        (7844, 'TURNER', 'VENDEDOR',  7698,
        '1981-07-08', 1500,    0, 30);
INSERT INTO EMPREGADO VALUES
        (7876, 'ADAMS',  'ATENDENTE',     7788,
        '1983-01-12', 1100, NULL, 20);
INSERT INTO EMPREGADO VALUES
        (7900, 'JAMES',  'ATENDENTE',     7698,
        '1981-12-03',  950, NULL, 30);
INSERT INTO EMPREGADO VALUES
        (7902, 'FORD',   'ANALISTA',   7566,
        '1981-12-03',  3000, NULL, 20);
INSERT INTO EMPREGADO VALUES
        (7934, 'MILLER', 'ATENDENTE',     7782,
        '1982-01-23', 1300, NULL, 10);
		
		
CREATE TABLE DEPARTAMENTO
       (`ID_DEPARTAMENTO` int(11),
        `NM_DEPARTAMENTO` VARCHAR(14),
        `DS_LOCDEP` VARCHAR(13) );

INSERT INTO DEPARTAMENTO VALUES (10, 'CONTABILIDADE', 'NEW YORK');
INSERT INTO DEPARTAMENTO VALUES (20, 'PESQUISAS',   'DALLAS');
INSERT INTO DEPARTAMENTO VALUES (30, 'VENDAS',      'CHICAGO');
INSERT INTO DEPARTAMENTO VALUES (40, 'OPERAÇÕES', 'BOSTON');


CREATE TABLE FAIXASALARIAL
        (`ID_FAIXASALARIAL` int(11),
         `VL_MENORSALARIO` float,
         `VL_MAIORSALARIO`  float);

INSERT INTO FAIXASALARIAL VALUES (1,  700, 1200);
INSERT INTO FAIXASALARIAL VALUES (2, 1201, 1400);
INSERT INTO FAIXASALARIAL VALUES (3, 1401, 2000);
INSERT INTO FAIXASALARIAL VALUES (4, 2001, 3000);
INSERT INTO FAIXASALARIAL VALUES (5, 3001, 9999);

COMMIT;

